id	cat	src
2990286	3d	https://derpicdn.net/img/view/2022/11/18/2990286.png
3386129	3d	https://derpicdn.net/img/view/2024/6/19/3386129.png
2857265	cels	https://derpicdn.net/img/view/2022/5/2/2857265.png
3402125	cels	https://derpicdn.net/img/view/2024/7/15/3402125.png
3060415	cshd	https://derpicdn.net/img/view/2023/3/9/3060415.png
3213053	cshd	https://derpicdn.net/img/view/2023/10/5/3213053.png
2877671	flat	https://derpicdn.net/img/view/2022/6/2/2877671.png
3115032	flat	https://derpicdn.net/img/view/2023/4/27/3115032.png
3320429	g4sa	https://derpicdn.net/img/view/2024/3/11/3320429.png
3381599	g4sa	https://derpicdn.net/img/view/2024/6/11/3381599.png
3314712	skec	https://derpicdn.net/img/view/2024/3/3/3314712.png
3400507	skec	https://derpicdn.net/img/view/2024/7/12/3400507.png
